"count","day"
7133,"2014-01-07"
7462,"2014-02-07"
7551,"2014-03-07"
6872,"2014-04-07"
3992,"2014-05-07"
3687,"2014-06-07"
6359,"2014-07-07"
1508,"2014-08-07"
1401,"2014-09-07"
5351,"2014-10-07"
5011,"2014-11-07"
3982,"2014-12-07"
3542,"2014-13-07"
5391,"2014-14-07"
5861,"2014-15-07"
6758,"2014-16-07"
6803,"2014-17-07"
6177,"2014-18-07"
5086,"2014-19-07"
3079,"2014-20-07"
2854,"2014-21-07"
5771,"2014-22-07"
5984,"2014-23-07"
5009,"2014-24-07"
5676,"2014-25-07"
5063,"2014-26-07"
3738,"2014-27-07"
4449,"2014-28-07"
3985,"2014-29-07"
5535,"2014-30-07"
6199,"2014-31-07"
5658,"2014-01-08"
4284,"2014-02-08"
3139,"2014-03-08"
4243,"2014-04-08"
5643,"2014-05-08"
5141,"2014-06-08"
5210,"2014-07-08"
4569,"2014-08-08"
3334,"2014-09-08"
1977,"2014-10-08"
4848,"2014-11-08"
4863,"2014-12-08"
4490,"2014-13-08"
4531,"2014-14-08"
3438,"2014-15-08"
3824,"2014-16-08"
2824,"2014-17-08"
4902,"2014-18-08"
4383,"2014-19-08"
5531,"2014-20-08"
5550,"2014-21-08"
5191,"2014-22-08"
4024,"2014-23-08"
3186,"2014-24-08"
4443,"2014-25-08"
2733,"2014-26-08"
6193,"2014-27-08"
5796,"2014-28-08"
5395,"2014-29-08"
3885,"2014-30-08"
2061,"2014-31-08"
5311,"2014-01-09"
6080,"2014-02-09"
6019,"2014-03-09"
6461,"2014-04-09"
5975,"2014-05-09"
4973,"2014-06-09"
3587,"2014-07-09"
6006,"2014-08-09"
6075,"2014-09-09"
5591,"2014-10-09"
5783,"2014-11-09"
6062,"2014-12-09"
4800,"2014-13-09"
3350,"2014-14-09"
5855,"2014-15-09"
6389,"2014-16-09"
7049,"2014-17-09"
5686,"2014-18-09"
5255,"2014-19-09"
4005,"2014-20-09"
2415,"2014-21-09"
4930,"2014-22-09"
5773,"2014-23-09"
4814,"2014-24-09"
5366,"2014-25-09"
5055,"2014-26-09"
5023,"2014-27-09"
3953,"2014-28-09"
4995,"2014-29-09"
5534,"2014-30-09"
6301,"2014-01-10"
6349,"2014-02-10"
4503,"2014-03-10"
5141,"2014-04-10"
2345,"2014-05-10"
5026,"2014-06-10"
3944,"2014-07-10"
3781,"2014-08-10"
4143,"2014-09-10"
5136,"2014-10-10"
4368,"2014-11-10"
2797,"2014-12-10"
5094,"2014-13-10"
6072,"2014-14-10"
5954,"2014-15-10"
5018,"2014-16-10"
5092,"2014-17-10"
5379,"2014-18-10"
4201,"2014-19-10"
5211,"2014-20-10"
3899,"2014-21-10"
3940,"2014-22-10"
5072,"2014-23-10"
5073,"2014-24-10"
3383,"2014-25-10"
2772,"2014-26-10"
5167,"2014-27-10"
5337,"2014-28-10"
4501,"2014-29-10"
5121,"2014-30-10"
5674,"2014-31-10"
3747,"2014-01-11"
3821,"2014-02-11"
4838,"2014-03-11"
2924,"2014-04-11"
4806,"2014-05-11"
5175,"2014-06-11"
4390,"2014-07-11"
4347,"2014-08-11"
2489,"2014-09-11"
4770,"2014-10-11"
4234,"2014-11-11"
4210,"2014-12-11"
5112,"2014-13-11"
4734,"2014-14-11"
3084,"2014-15-11"
1279,"2014-16-11"
4731,"2014-17-11"
4604,"2014-18-11"
4983,"2014-19-11"
4760,"2014-20-11"
4661,"2014-21-11"
3745,"2014-22-11"
2512,"2014-23-11"
4611,"2014-24-11"
4872,"2014-25-11"
4377,"2014-26-11"
4278,"2014-27-11"
4503,"2014-28-11"
3337,"2014-29-11"
2249,"2014-30-11"
4277,"2014-01-12"
4274,"2014-02-12"
4090,"2014-03-12"
4443,"2014-04-12"
4159,"2014-05-12"
3279,"2014-06-12"
2321,"2014-07-12"
3689,"2014-08-12"
4101,"2014-09-12"
3515,"2014-10-12"
3803,"2014-11-12"
3091,"2014-12-12"
2165,"2014-13-12"
2295,"2014-14-12"
3776,"2014-15-12"
4246,"2014-16-12"
3016,"2014-17-12"
3983,"2014-18-12"
2815,"2014-19-12"
2975,"2014-20-12"
1934,"2014-21-12"
3739,"2014-22-12"
3432,"2014-23-12"
1087,"2014-24-12"
509,"2014-25-12"
758,"2014-26-12"
731,"2014-27-12"
829,"2014-28-12"
1398,"2014-29-12"
2194,"2014-30-12"
1524,"2014-31-12"
976,"2015-01-01"
1931,"2015-02-01"
1254,"2015-03-01"
1574,"2015-04-01"
3255,"2015-05-01"
2955,"2015-06-01"
3602,"2015-07-01"
1889,"2015-08-01"
2757,"2015-09-01"
2058,"2015-10-01"
1550,"2015-11-01"
3482,"2015-12-01"
3745,"2015-13-01"
3380,"2015-14-01"
3429,"2015-15-01"
3809,"2015-16-01"
3313,"2015-17-01"
1784,"2015-18-01"
3454,"2015-19-01"
3696,"2015-20-01"
3853,"2015-21-01"
3836,"2015-22-01"
3597,"2015-23-01"
1167,"2015-24-01"
996,"2015-25-01"
2135,"2015-26-01"
2885,"2015-27-01"
2962,"2015-28-01"
3292,"2015-29-01"
3190,"2015-30-01"
2775,"2015-31-01"
1133,"2015-01-02"
2653,"2015-02-02"
3210,"2015-03-02"
2612,"2015-04-02"
2940,"2015-05-02"
2950,"2015-06-02"
2386,"2015-07-02"
1496,"2015-08-02"
3088,"2015-09-02"
3488,"2015-10-02"
3793,"2015-11-02"
2208,"2015-12-02"
2571,"2015-13-02"
2122,"2015-14-02"
1547,"2015-15-02"
1606,"2015-16-02"
1889,"2015-17-02"
3216,"2015-18-02"
3439,"2015-19-02"
3053,"2015-20-02"
2511,"2015-21-02"
1677,"2015-22-02"
2009,"2015-23-02"
2999,"2015-24-02"
3297,"2015-25-02"
3515,"2015-26-02"
2768,"2015-27-02"
3178,"2015-28-02"
1821,"2015-01-03"
3289,"2015-02-03"
3078,"2015-03-03"
3306,"2015-04-03"
3624,"2015-05-03"
3624,"2015-06-03"
3555,"2015-07-03"
3210,"2015-08-03"
4237,"2015-09-03"
3576,"2015-10-03"
4712,"2015-11-03"
4828,"2015-12-03"
4185,"2015-13-03"
2842,"2015-14-03"
1736,"2015-15-03"
4729,"2015-16-03"
5364,"2015-17-03"
5494,"2015-18-03"
4272,"2015-19-03"
4194,"2015-20-03"
2310,"2015-21-03"
2160,"2015-22-03"
4692,"2015-23-03"
4813,"2015-24-03"
4038,"2015-25-03"
3968,"2015-26-03"
3802,"2015-27-03"
2581,"2015-28-03"
975,"2015-29-03"
3218,"2015-30-03"
2032,"2015-31-03"
2770,"2015-01-04"
2736,"2015-02-04"
1768,"2015-03-04"
2251,"2015-04-04"
1664,"2015-05-04"
1546,"2015-06-04"
4428,"2015-07-04"
4796,"2015-08-04"
5840,"2015-09-04"
6316,"2015-10-04"
3792,"2015-11-04"
3717,"2015-12-04"
5312,"2015-13-04"
6492,"2015-14-04"
7364,"2015-15-04"
6263,"2015-16-04"
5854,"2015-17-04"
5253,"2015-18-04"
4017,"2015-19-04"
6331,"2015-20-04"
6851,"2015-21-04"
5968,"2015-22-04"
6590,"2015-23-04"
6751,"2015-24-04"
2717,"2015-25-04"
2192,"2015-26-04"
3905,"2015-27-04"
5465,"2015-28-04"
5646,"2015-29-04"
4146,"2015-30-04"
3073,"2015-01-05"
4545,"2015-02-05"
1861,"2015-03-05"
5719,"2015-04-05"
4976,"2015-05-05"
5725,"2015-06-05"
6183,"2015-07-05"
5953,"2015-08-05"
4790,"2015-09-05"
4032,"2015-10-05"
6609,"2015-11-05"
6195,"2015-12-05"
7149,"2015-13-05"
4328,"2015-14-05"
5571,"2015-15-05"
3703,"2015-16-05"
3303,"2015-17-05"
6021,"2015-18-05"
5396,"2015-19-05"
5705,"2015-20-05"
6179,"2015-21-05"
6332,"2015-22-05"
4484,"2015-23-05"
3524,"2015-24-05"
2073,"2015-25-05"
5225,"2015-26-05"
5925,"2015-27-05"
5602,"2015-28-05"
5550,"2015-29-05"
4143,"2015-30-05"
2747,"2015-31-05"
5898,"2015-01-06"
5101,"2015-02-06"
6414,"2015-03-06"
5567,"2015-04-06"
6452,"2015-05-06"
5025,"2015-06-06"
4400,"2015-07-06"
6593,"2015-08-06"
6800,"2015-09-06"
7089,"2015-10-06"
7777,"2015-11-06"
6252,"2015-12-06"
5146,"2015-13-06"
4790,"2015-14-06"
6235,"2015-15-06"
6595,"2015-16-06"
7173,"2015-17-06"
5643,"2015-18-06"
3857,"2015-19-06"
4115,"2015-20-06"
3126,"2015-21-06"
2896,"2015-22-06"
4063,"2015-23-06"
5756,"2015-24-06"
6756,"2015-25-06"
6677,"2015-26-06"
6103,"2015-27-06"
4860,"2015-28-06"
6967,"2015-29-06"
7967,"2015-30-06"
7532,"2015-01-07"
6857,"2015-02-07"
6421,"2015-03-07"
5064,"2015-04-07"
3172,"2015-05-07"
6637,"2015-06-07"
5558,"2015-07-07"
5119,"2015-08-07"
5527,"2015-09-07"
6763,"2015-10-07"
5707,"2015-11-07"
3036,"2015-12-07"
3329,"2015-13-07"
4672,"2015-14-07"
5902,"2015-15-07"
6665,"2015-16-07"
6136,"2015-17-07"
5885,"2015-18-07"
2887,"2015-19-07"
4389,"2015-20-07"
5567,"2015-21-07"
6117,"2015-22-07"
6060,"2015-23-07"
5583,"2015-24-07"
2376,"2015-25-07"
3212,"2015-26-07"
3595,"2015-27-07"
4696,"2015-28-07"
4718,"2015-29-07"
4222,"2015-30-07"
5653,"2015-31-07"
4210,"2015-01-08"
3613,"2015-02-08"
6090,"2015-03-08"
3878,"2015-04-08"
6846,"2015-05-08"
6544,"2015-06-08"
5796,"2015-07-08"
5053,"2015-08-08"
4056,"2015-09-08"
2725,"2015-10-08"
6413,"2015-11-08"
6912,"2015-12-08"
6828,"2015-13-08"
6387,"2015-14-08"
4746,"2015-15-08"
1172,"2015-16-08"
2625,"2015-17-08"
5252,"2015-18-08"
6318,"2015-19-08"
7174,"2015-20-08"
7005,"2015-21-08"
6812,"2015-22-08"
4128,"2015-23-08"
5107,"2015-24-08"
5350,"2015-25-08"
6937,"2015-26-08"
3092,"2015-27-08"
5790,"2015-28-08"
5939,"2015-29-08"
4638,"2015-30-08"
6397,"2015-31-08"
3013,"2015-01-09"
5709,"2015-02-09"
5662,"2015-03-09"
5410,"2015-04-09"
2991,"2015-05-09"
2547,"2015-06-09"
4074,"2015-07-09"
4933,"2015-08-09"
5864,"2015-09-09"
6059,"2015-10-09"
5863,"2015-11-09"
3654,"2015-12-09"
2192,"2015-13-09"
4447,"2015-14-09"
5141,"2015-15-09"
3014,"2015-16-09"
3951,"2015-17-09"
5004,"2015-18-09"
3809,"2015-19-09"
2899,"2015-20-09"
5476,"2015-21-09"
3545,"2015-22-09"
4035,"2015-23-09"
5292,"2015-24-09"
5409,"2015-25-09"
4376,"2015-26-09"
3709,"2015-27-09"
5498,"2015-28-09"
6060,"2015-29-09"
6124,"2015-30-09"
6115,"2015-01-10"
5946,"2015-02-10"
3845,"2015-03-10"
2948,"2015-04-10"
4919,"2015-05-10"
4419,"2015-06-10"
4466,"2015-07-10"
3297,"2015-08-10"
4307,"2015-09-10"
3899,"2015-10-10"
3168,"2015-11-10"
4729,"2015-12-10"
4310,"2015-13-10"
3000,"2015-14-10"
2618,"2015-15-10"
3291,"2015-16-10"
3296,"2015-17-10"
2522,"2015-18-10"
4729,"2015-19-10"
4985,"2015-20-10"
5500,"2015-21-10"
5055,"2015-22-10"
5474,"2015-23-10"
4443,"2015-24-10"
2888,"2015-25-10"
5826,"2015-26-10"
5967,"2015-27-10"
5353,"2015-28-10"
5851,"2015-29-10"
5777,"2015-30-10"
4254,"2015-31-10"
3085,"2015-01-11"
5735,"2015-02-11"
5424,"2015-03-11"
5530,"2015-04-11"
5585,"2015-05-11"
4972,"2015-06-11"
4204,"2015-07-11"
3541,"2015-08-11"
5443,"2015-09-11"
5559,"2015-10-11"
4726,"2015-11-11"
5433,"2015-12-11"
4251,"2015-13-11"
3454,"2015-14-11"
1966,"2015-15-11"
4342,"2015-16-11"
3812,"2015-17-11"
4817,"2015-18-11"
3612,"2015-19-11"
3453,"2015-20-11"
3381,"2015-21-11"
1961,"2015-22-11"
4573,"2015-23-11"
3496,"2015-24-11"
3716,"2015-25-11"
4847,"2015-26-11"
4519,"2015-27-11"
3427,"2015-28-11"
1531,"2015-29-11"
3024,"2015-30-11"
2586,"2015-01-12"
4913,"2015-02-12"
5328,"2015-03-12"
4055,"2015-04-12"
3803,"2015-05-12"
2930,"2015-06-12"
5008,"2015-07-12"
5225,"2015-08-12"
5265,"2015-09-12"
5156,"2015-10-12"
2793,"2015-11-12"
3445,"2015-12-12"
1742,"2015-13-12"
4851,"2015-14-12"
5081,"2015-15-12"
3616,"2015-16-12"
5393,"2015-17-12"
5196,"2015-18-12"
4770,"2015-19-12"
2968,"2015-20-12"
5165,"2015-21-12"
4769,"2015-22-12"
4148,"2015-23-12"
1530,"2015-24-12"
500,"2015-25-12"
1299,"2015-26-12"
1473,"2015-27-12"
3169,"2015-28-12"
3307,"2015-29-12"
3254,"2015-30-12"
1918,"2015-31-12"
1143,"2016-01-01"
1645,"2016-02-01"
1604,"2016-03-01"
2520,"2016-04-01"
3663,"2016-05-01"
3647,"2016-06-01"
3002,"2016-07-01"
4424,"2016-08-01"
3508,"2016-09-01"
2358,"2016-10-01"
3037,"2016-11-01"
4091,"2016-12-01"
3256,"2016-13-01"
3416,"2016-14-01"
3189,"2016-15-01"
2318,"2016-16-01"
1597,"2016-17-01"
3456,"2016-18-01"
3414,"2016-19-01"
3531,"2016-20-01"
4172,"2016-21-01"
3360,"2016-22-01"
2847,"2016-23-01"
1687,"2016-24-01"
4434,"2016-25-01"
4427,"2016-26-01"
4276,"2016-27-01"
4582,"2016-28-01"
4353,"2016-29-01"
1722,"2016-30-01"
1628,"2016-31-01"
3773,"2016-01-02"
2518,"2016-02-02"
3850,"2016-03-02"
1761,"2016-04-02"
2415,"2016-05-02"
2394,"2016-06-02"
1412,"2016-07-02"
1327,"2016-08-02"
1712,"2016-09-02"
2582,"2016-10-02"
3860,"2016-11-02"
3749,"2016-12-02"
2107,"2016-13-02"
1279,"2016-14-02"
2907,"2016-15-02"
3951,"2016-16-02"
3877,"2016-17-02"
3833,"2016-18-02"
3241,"2016-19-02"
2137,"2016-20-02"
1689,"2016-21-02"
2583,"2016-22-02"
3193,"2016-23-02"
3853,"2016-24-02"
3826,"2016-25-02"
3761,"2016-26-02"
3430,"2016-27-02"
1995,"2016-28-02"
4031,"2016-29-02"
3347,"2016-01-03"
3349,"2016-02-03"
3138,"2016-03-03"
2687,"2016-04-03"
2205,"2016-05-03"
1367,"2016-06-03"
3534,"2016-07-03"
4024,"2016-08-03"
4395,"2016-09-03"
4604,"2016-10-03"
4265,"2016-11-03"
3602,"2016-12-03"
2812,"2016-13-03"
4684,"2016-14-03"
4417,"2016-15-03"
4901,"2016-16-03"
5113,"2016-17-03"
4076,"2016-18-03"
3127,"2016-19-03"
2131,"2016-20-03"
3848,"2016-21-03"
4116,"2016-22-03"
3883,"2016-23-03"
3877,"2016-24-03"
1156,"2016-25-03"
3256,"2016-26-03"
1348,"2016-27-03"
1168,"2016-28-03"
3612,"2016-29-03"
3979,"2016-30-03"
2690,"2016-31-03"
4570,"2016-01-04"
4847,"2016-02-04"
3543,"2016-03-04"
5557,"2016-04-04"
3179,"2016-05-04"
5061,"2016-06-04"
5179,"2016-07-04"
5106,"2016-08-04"
5676,"2016-09-04"
4181,"2016-10-04"
6673,"2016-11-04"
5765,"2016-12-04"
5581,"2016-13-04"
6492,"2016-14-04"
5573,"2016-15-04"
4032,"2016-16-04"
3059,"2016-17-04"
6027,"2016-18-04"
5814,"2016-19-04"
6805,"2016-20-04"
7498,"2016-21-04"
5760,"2016-22-04"
3709,"2016-23-04"
2021,"2016-24-04"
3583,"2016-25-04"
4026,"2016-26-04"
6100,"2016-27-04"
5132,"2016-28-04"
4948,"2016-29-04"
3297,"2016-30-04"
3548,"2016-01-05"
6965,"2016-02-05"
5844,"2016-03-05"
7150,"2016-04-05"
5345,"2016-05-05"
6848,"2016-06-05"
6227,"2016-07-05"
5029,"2016-08-05"
7390,"2016-09-05"
6730,"2016-10-05"
7853,"2016-11-05"
7898,"2016-12-05"
7164,"2016-13-05"
4038,"2016-14-05"
2110,"2016-15-05"
2509,"2016-16-05"
5412,"2016-17-05"
5568,"2016-18-05"
6154,"2016-19-05"
5523,"2016-20-05"
6138,"2016-21-05"
3008,"2016-22-05"
3612,"2016-23-05"
5105,"2016-24-05"
6228,"2016-25-05"
5421,"2016-26-05"
4914,"2016-27-05"
4721,"2016-28-05"
3521,"2016-29-05"
3628,"2016-30-05"
6263,"2016-31-05"
3061,"2016-01-06"
5238,"2016-02-06"
4842,"2016-03-06"
3388,"2016-04-06"
3353,"2016-05-06"
6868,"2016-06-06"
6639,"2016-07-06"
7598,"2016-08-06"
7649,"2016-09-06"
7443,"2016-10-06"
5967,"2016-11-06"
3430,"2016-12-06"
4806,"2016-13-06"
5334,"2016-14-06"
4715,"2016-15-06"
5559,"2016-16-06"
4173,"2016-17-06"
3456,"2016-18-06"
3570,"2016-19-06"
4905,"2016-20-06"
5612,"2016-21-06"
7039,"2016-22-06"
7800,"2016-23-06"
5913,"2016-24-06"
2282,"2016-25-06"
3692,"2016-26-06"
4939,"2016-27-06"
6666,"2016-28-06"
6988,"2016-29-06"
5450,"2016-30-06"
5266,"2016-01-07"
4263,"2016-02-07"
4076,"2016-03-07"
6328,"2016-04-07"
5880,"2016-05-07"
6908,"2016-06-07"
8161,"2016-07-07"
6848,"2016-08-07"
6866,"2016-09-07"
4875,"2016-10-07"
6513,"2016-11-07"
6403,"2016-12-07"
5100,"2016-13-07"
6187,"2016-14-07"
5922,"2016-15-07"
4832,"2016-16-07"
3819,"2016-17-07"
6750,"2016-18-07"
7523,"2016-19-07"
6658,"2016-20-07"
6346,"2016-21-07"
6358,"2016-22-07"
4375,"2016-23-07"
4197,"2016-24-07"
6147,"2016-25-07"
6370,"2016-26-07"
6869,"2016-27-07"
4039,"2016-28-07"
4790,"2016-29-07"
5349,"2016-30-07"
2767,"2016-31-07"
6038,"2016-01-08"
2841,"2016-02-08"
2977,"2016-03-08"
5301,"2016-04-08"
5013,"2016-05-08"
5100,"2016-06-08"
4514,"2016-07-08"
5442,"2016-08-08"
5074,"2016-09-08"
4373,"2016-10-08"
3741,"2016-11-08"
4270,"2016-12-08"
4597,"2016-13-08"
3831,"2016-14-08"
6597,"2016-15-08"
7215,"2016-16-08"
7314,"2016-17-08"
6995,"2016-18-08"
6354,"2016-19-08"
5585,"2016-20-08"
2968,"2016-21-08"
5041,"2016-22-08"
7663,"2016-23-08"
7977,"2016-24-08"
7851,"2016-25-08"
7599,"2016-26-08"
6053,"2016-27-08"
4215,"2016-28-08"
6004,"2016-29-08"
7635,"2016-30-08"
7529,"2016-31-08"
7736,"2016-01-09"
7383,"2016-02-09"
6808,"2016-03-09"
3006,"2016-04-09"
6295,"2016-05-09"
7504,"2016-06-09"
7683,"2016-07-09"
7877,"2016-08-09"
7269,"2016-09-09"
6422,"2016-10-09"
4536,"2016-11-09"
7307,"2016-12-09"
7812,"2016-13-09"
7657,"2016-14-09"
7251,"2016-15-09"
6646,"2016-16-09"
5387,"2016-17-09"
3190,"2016-18-09"
5816,"2016-19-09"
5844,"2016-20-09"
6754,"2016-21-09"
6832,"2016-22-09"
6555,"2016-23-09"
6007,"2016-24-09"
4683,"2016-25-09"
6353,"2016-26-09"
6953,"2016-27-09"
6502,"2016-28-09"
7087,"2016-29-09"
6175,"2016-30-09"
4318,"2016-01-10"
2384,"2016-02-10"
3043,"2016-03-10"
5894,"2016-04-10"
6256,"2016-05-10"
5712,"2016-06-10"
5439,"2016-07-10"
4564,"2016-08-10"
3144,"2016-09-10"
5090,"2016-10-10"
5192,"2016-11-10"
4737,"2016-12-10"
5335,"2016-13-10"
4875,"2016-14-10"
3921,"2016-15-10"
3772,"2016-16-10"
5373,"2016-17-10"
5142,"2016-18-10"
4223,"2016-19-10"
3392,"2016-20-10"
4047,"2016-21-10"
3393,"2016-22-10"
2622,"2016-23-10"
3347,"2016-24-10"
4795,"2016-25-10"
5503,"2016-26-10"
5826,"2016-27-10"
5436,"2016-28-10"
4549,"2016-29-10"
3396,"2016-30-10"
5764,"2016-31-10"
3165,"2016-01-11"
5040,"2016-02-11"
5593,"2016-03-11"
5196,"2016-04-11"
3966,"2016-05-11"
2694,"2016-06-11"
3134,"2016-07-11"
4612,"2016-08-11"
3255,"2016-09-11"
3843,"2016-10-11"
3428,"2016-11-11"
3459,"2016-12-11"
2072,"2016-13-11"
4584,"2016-14-11"
3035,"2016-15-11"
2879,"2016-16-11"
3747,"2016-17-11"
3797,"2016-18-11"
3460,"2016-19-11"
2080,"2016-20-11"
4192,"2016-21-11"
4748,"2016-22-11"
5265,"2016-23-11"
5319,"2016-24-11"
5201,"2016-25-11"
4015,"2016-26-11"
2536,"2016-27-11"
4565,"2016-28-11"
4847,"2016-29-11"
4762,"2016-30-11"
4686,"2016-01-12"
4089,"2016-02-12"
3467,"2016-03-12"
2701,"2016-04-12"
4522,"2016-05-12"
4605,"2016-06-12"
4697,"2016-07-12"
4819,"2016-08-12"
4857,"2016-09-12"
4061,"2016-10-12"
2578,"2016-11-12"
4916,"2016-12-12"
4195,"2016-13-12"
5003,"2016-14-12"
5115,"2016-15-12"
4766,"2016-16-12"
3938,"2016-17-12"
2468,"2016-18-12"
5151,"2016-19-12"
5088,"2016-20-12"
4849,"2016-21-12"
3416,"2016-22-12"
3853,"2016-23-12"
1307,"2016-24-12"
630,"2016-25-12"
842,"2016-26-12"
2635,"2016-27-12"
2749,"2016-28-12"
2903,"2016-29-12"
3185,"2016-30-12"
1848,"2016-31-12"
934,"2017-01-01"
2087,"2017-02-01"
2881,"2017-03-01"
2412,"2017-04-01"
3359,"2017-05-01"
2951,"2017-06-01"
1695,"2017-07-01"
1175,"2017-08-01"
3506,"2017-09-01"
3401,"2017-10-01"
3281,"2017-11-01"
3496,"2017-12-01"
2582,"2017-13-01"
2583,"2017-14-01"
1777,"2017-15-01"
3842,"2017-16-01"
3850,"2017-17-01"
3606,"2017-18-01"
3851,"2017-19-01"
3620,"2017-20-01"
3134,"2017-21-01"
2072,"2017-22-01"
3323,"2017-23-01"
3023,"2017-24-01"
3579,"2017-25-01"
3737,"2017-26-01"
3633,"2017-27-01"
2941,"2017-28-01"
2055,"2017-29-01"
2939,"2017-30-01"
3921,"2017-31-01"
4033,"2017-01-02"
4336,"2017-02-02"
3745,"2017-03-02"
2660,"2017-04-02"
2263,"2017-05-02"
4253,"2017-06-02"
3349,"2017-07-02"
4065,"2017-08-02"
4171,"2017-09-02"
3857,"2017-10-02"
2144,"2017-11-02"
2268,"2017-12-02"
4266,"2017-13-02"
4732,"2017-14-02"
5155,"2017-15-02"
4204,"2017-16-02"
3762,"2017-17-02"
3670,"2017-18-02"
2106,"2017-19-02"
3546,"2017-20-02"
4437,"2017-21-02"
2983,"2017-22-02"
2002,"2017-23-02"
3003,"2017-24-02"
2447,"2017-25-02"
1733,"2017-26-02"
1706,"2017-27-02"
2230,"2017-28-02"
3043,"2017-01-03"
3545,"2017-02-03"
4175,"2017-03-03"
3329,"2017-04-03"
1905,"2017-05-03"
2939,"2017-06-03"
3335,"2017-07-03"
2266,"2017-08-03"
3337,"2017-09-03"
4660,"2017-10-03"
4320,"2017-11-03"
3460,"2017-12-03"
5257,"2017-13-03"
5467,"2017-14-03"
5500,"2017-15-03"
6271,"2017-16-03"
4412,"2017-17-03"
2130,"2017-18-03"
2276,"2017-19-03"
4606,"2017-20-03"
4755,"2017-21-03"
5258,"2017-22-03"
5930,"2017-23-03"
5765,"2017-24-03"
5198,"2017-25-03"
4087,"2017-26-03"
6335,"2017-27-03"
6784,"2017-28-03"
5689,"2017-29-03"
6596,"2017-30-03"
6906,"2017-31-03"
4834,"2017-01-04"
4480,"2017-02-04"
5929,"2017-03-04"
6547,"2017-04-04"
5859,"2017-05-04"
5386,"2017-06-04"
5367,"2017-07-04"
5222,"2017-08-04"
5250,"2017-09-04"
5353,"2017-10-04"
5600,"2017-11-04"
5375,"2017-12-04"
4826,"2017-13-04"
2377,"2017-14-04"
2409,"2017-15-04"
1434,"2017-16-04"
1819,"2017-17-04"
4587,"2017-18-04"
4983,"2017-19-04"
5570,"2017-20-04"
4933,"2017-21-04"
4452,"2017-22-04"
3268,"2017-23-04"
6150,"2017-24-04"
5005,"2017-25-04"
5730,"2017-26-04"
6025,"2017-27-04"
5551,"2017-28-04"
4763,"2017-29-04"
4328,"2017-30-04"
1771,"2017-01-05"
4150,"2017-02-05"
4992,"2017-03-05"
5207,"2017-04-05"
5673,"2017-05-05"
6293,"2017-06-05"
3615,"2017-07-05"
5211,"2017-08-05"
6507,"2017-09-05"
7322,"2017-10-05"
6888,"2017-11-05"
5433,"2017-12-05"
5487,"2017-13-05"
3702,"2017-14-05"
7484,"2017-15-05"
7906,"2017-16-05"
8779,"2017-17-05"
5438,"2017-18-05"
3602,"2017-19-05"
5092,"2017-20-05"
5345,"2017-21-05"
7825,"2017-22-05"
7919,"2017-23-05"
7454,"2017-24-05"
5789,"2017-25-05"
7594,"2017-26-05"
6031,"2017-27-05"
4658,"2017-28-05"
7297,"2017-29-05"
7244,"2017-30-05"
8134,"2017-31-05"
8241,"2017-01-06"
6805,"2017-02-06"
5464,"2017-03-06"
3368,"2017-04-06"
4619,"2017-05-06"
5277,"2017-06-06"
5503,"2017-07-06"
7059,"2017-08-06"
5391,"2017-09-06"
7259,"2017-10-06"
5192,"2017-11-06"
7277,"2017-12-06"
7455,"2017-13-06"
8648,"2017-14-06"
4994,"2017-15-06"
6295,"2017-16-06"
5495,"2017-17-06"
4980,"2017-18-06"
7782,"2017-19-06"
8379,"2017-20-06"
8513,"2017-21-06"
7348,"2017-22-06"
7700,"2017-23-06"
6312,"2017-24-06"
4315,"2017-25-06"
7274,"2017-26-06"
6871,"2017-27-06"
5738,"2017-28-06"
6310,"2017-29-06"
6501,"2017-30-06"
3054,"2017-01-07"
3191,"2017-02-07"
7468,"2017-03-07"
7961,"2017-04-07"
8666,"2017-05-07"
7270,"2017-06-07"
7955,"2017-07-07"
6663,"2017-08-07"
5601,"2017-09-07"
6414,"2017-10-07"
7378,"2017-11-07"
3800,"2017-12-07"
7769,"2017-13-07"
6012,"2017-14-07"
6080,"2017-15-07"
3747,"2017-16-07"
5565,"2017-17-07"
7828,"2017-18-07"
6026,"2017-19-07"
5887,"2017-20-07"
7387,"2017-21-07"
5889,"2017-22-07"
3323,"2017-23-07"
3835,"2017-24-07"
3008,"2017-25-07"
5959,"2017-26-07"
6099,"2017-27-07"
6048,"2017-28-07"
5238,"2017-29-07"
4305,"2017-30-07"
6637,"2017-31-07"
5600,"2017-01-08"
6226,"2017-02-08"
5335,"2017-03-08"
6047,"2017-04-08"
3752,"2017-05-08"
4254,"2017-06-08"
6562,"2017-07-08"
5027,"2017-08-08"
6497,"2017-09-08"
2480,"2017-10-08"
4102,"2017-11-08"
2522,"2017-12-08"
3384,"2017-13-08"
6299,"2017-14-08"
4840,"2017-15-08"
6423,"2017-16-08"
5451,"2017-17-08"
3474,"2017-18-08"
4623,"2017-19-08"
3429,"2017-20-08"
6142,"2017-21-08"
6787,"2017-22-08"
7266,"2017-23-08"
6955,"2017-24-08"
6826,"2017-25-08"
5475,"2017-26-08"
4899,"2017-27-08"
7217,"2017-28-08"
7717,"2017-29-08"
6591,"2017-30-08"
4938,"2017-31-08"
6198,"2017-01-09"
4784,"2017-02-09"
4730,"2017-03-09"
6700,"2017-04-09"
6519,"2017-05-09"
5398,"2017-06-09"
6246,"2017-07-09"
4387,"2017-08-09"
3568,"2017-09-09"
4218,"2017-10-09"
4914,"2017-11-09"
5281,"2017-12-09"
4603,"2017-13-09"
4136,"2017-14-09"
4683,"2017-15-09"
4463,"2017-16-09"
3160,"2017-17-09"
4524,"2017-18-09"
4901,"2017-19-09"
5405,"2017-20-09"
6498,"2017-21-09"
6029,"2017-22-09"
5124,"2017-23-09"
3857,"2017-24-09"
5801,"2017-25-09"
6276,"2017-26-09"
6720,"2017-27-09"
6067,"2017-28-09"
6122,"2017-29-09"
2343,"2017-30-09"
3105,"2017-01-10"
5123,"2017-02-10"
3790,"2017-03-10"
5789,"2017-04-10"
4927,"2017-05-10"
4646,"2017-06-10"
3374,"2017-07-10"
2459,"2017-08-10"
4867,"2017-09-10"
5409,"2017-10-10"
5986,"2017-11-10"
6818,"2017-12-10"
6404,"2017-13-10"
6195,"2017-14-10"
5145,"2017-15-10"
7040,"2017-16-10"
6880,"2017-17-10"
7161,"2017-18-10"
7057,"2017-19-10"
5540,"2017-20-10"
4459,"2017-21-10"
2715,"2017-22-10"
5375,"2017-23-10"
5224,"2017-24-10"
5879,"2017-25-10"
5977,"2017-26-10"
5055,"2017-27-10"
3457,"2017-28-10"
2335,"2017-29-10"
4853,"2017-30-10"
2501,"2017-31-10"
3116,"2017-01-11"
5353,"2017-02-11"
5298,"2017-03-11"
4857,"2017-04-11"
2666,"2017-05-11"
5147,"2017-06-11"
5218,"2017-07-11"
4921,"2017-08-11"
5432,"2017-09-11"
4610,"2017-10-11"
2452,"2017-11-11"
1553,"2017-12-11"
5090,"2017-13-11"
5257,"2017-14-11"
5214,"2017-15-11"
5476,"2017-16-11"
5465,"2017-17-11"
3672,"2017-18-11"
2249,"2017-19-11"
3237,"2017-20-11"
4014,"2017-21-11"
5625,"2017-22-11"
5471,"2017-23-11"
4009,"2017-24-11"
3401,"2017-25-11"
2253,"2017-26-11"
3257,"2017-27-11"
5082,"2017-28-11"
5175,"2017-29-11"
4105,"2017-30-11"
4510,"2017-01-12"
3402,"2017-02-12"
1387,"2017-03-12"
4195,"2017-04-12"
4919,"2017-05-12"
5228,"2017-06-12"
4500,"2017-07-12"
3789,"2017-08-12"
2694,"2017-09-12"
1020,"2017-10-12"
3315,"2017-11-12"
4382,"2017-12-12"
3785,"2017-13-12"
4135,"2017-14-12"
4523,"2017-15-12"
3492,"2017-16-12"
2321,"2017-17-12"
4046,"2017-18-12"
4411,"2017-19-12"
4130,"2017-20-12"
4232,"2017-21-12"
3494,"2017-22-12"
2987,"2017-23-12"
885,"2017-24-12"
837,"2017-25-12"
977,"2017-26-12"
2095,"2017-27-12"
2594,"2017-28-12"
2140,"2017-29-12"
2070,"2017-30-12"
1339,"2017-31-12"
964,"2018-01-01"
2637,"2018-02-01"
2411,"2018-03-01"
2840,"2018-04-01"
3646,"2018-05-01"
3289,"2018-06-01"
2361,"2018-07-01"
4430,"2018-08-01"
4615,"2018-09-01"
4312,"2018-10-01"
4714,"2018-11-01"
4637,"2018-12-01"
3646,"2018-13-01"
2609,"2018-14-01"
3788,"2018-15-01"
3675,"2018-16-01"
2997,"2018-17-01"
3143,"2018-18-01"
4203,"2018-19-01"
2573,"2018-20-01"
2266,"2018-21-01"
4049,"2018-22-01"
4580,"2018-23-01"
4903,"2018-24-01"
3877,"2018-25-01"
4636,"2018-26-01"
4181,"2018-27-01"
2483,"2018-28-01"
4312,"2018-29-01"
5002,"2018-30-01"
3370,"2018-31-01"
4445,"2018-01-02"
3759,"2018-02-02"
3261,"2018-03-02"
2003,"2018-04-02"
4374,"2018-05-02"
3641,"2018-06-02"
3715,"2018-07-02"
2373,"2018-08-02"
2656,"2018-09-02"
1908,"2018-10-02"
1338,"2018-11-02"
1593,"2018-12-02"
2270,"2018-13-02"
3825,"2018-14-02"
2268,"2018-15-02"
3779,"2018-16-02"
3068,"2018-17-02"
2328,"2018-18-02"
3812,"2018-19-02"
4100,"2018-20-02"
4050,"2018-21-02"
4097,"2018-22-02"
3885,"2018-23-02"
2871,"2018-24-02"
1923,"2018-25-02"
3096,"2018-26-02"
3168,"2018-27-02"
2953,"2018-28-02"
3208,"2018-01-03"
2852,"2018-02-03"
2079,"2018-03-03"
2025,"2018-04-03"
4465,"2018-05-03"
4667,"2018-06-03"
4126,"2018-07-03"
3719,"2018-08-03"
4223,"2018-09-03"
3510,"2018-10-03"
2784,"2018-11-03"
4246,"2018-12-03"
2478,"2018-13-03"
5092,"2018-14-03"
4577,"2018-15-03"
3216,"2018-16-03"
2161,"2018-17-03"
1680,"2018-18-03"
4061,"2018-19-03"
3906,"2018-20-03"
6931,"2018-21-03"
3488,"2018-22-03"
4337,"2018-23-03"
4325,"2018-24-03"
3143,"2018-25-03"
4773,"2018-26-03"
3725,"2018-27-03"
2986,"2018-28-03"
4159,"2018-29-03"
2452,"2018-30-03"
3169,"2018-31-03"
911,"2018-01-04"
1894,"2018-02-04"
3989,"2018-03-04"
3720,"2018-04-04"
4271,"2018-05-04"
5357,"2018-06-04"
6106,"2018-07-04"
5387,"2018-08-04"
6796,"2018-09-04"
9200,"2018-10-04"
5172,"2018-11-04"
7003,"2018-12-04"
6419,"2018-13-04"
6436,"2018-14-04"
5081,"2018-15-04"
7355,"2018-16-04"
8308,"2018-17-04"
8962,"2018-18-04"
9316,"2018-19-04"
9027,"2018-20-04"
7786,"2018-21-04"
4540,"2018-22-04"
7336,"2018-23-04"
6920,"2018-24-04"
6036,"2018-25-04"
6529,"2018-26-04"
7209,"2018-27-04"
5471,"2018-28-04"
3578,"2018-29-04"
4860,"2018-30-04"
3823,"2018-01-05"
7061,"2018-02-05"
7584,"2018-03-05"
7968,"2018-04-05"
7422,"2018-05-05"
6295,"2018-06-05"
8502,"2018-07-05"
9186,"2018-08-05"
8884,"2018-09-05"
4136,"2018-10-05"
7280,"2018-11-05"
6652,"2018-12-05"
2008,"2018-13-05"
7250,"2018-14-05"
8261,"2018-15-05"
6327,"2018-16-05"
7386,"2018-17-05"
6795,"2018-18-05"
5518,"2018-19-05"
4212,"2018-20-05"
4432,"2018-21-05"
6240,"2018-22-05"
6405,"2018-23-05"
6385,"2018-24-05"
7235,"2018-25-05"
6911,"2018-26-05"
4248,"2018-27-05"
8098,"2018-28-05"
7108,"2018-29-05"
8678,"2018-30-05"
6045,"2018-31-05"
3006,"2018-01-06"
5699,"2018-02-06"
5132,"2018-03-06"
8273,"2018-04-06"
8316,"2018-05-06"
8815,"2018-06-06"
7568,"2018-07-06"
6147,"2018-08-06"
7062,"2018-09-06"
5078,"2018-10-06"
7726,"2018-11-06"
5918,"2018-12-06"
7082,"2018-13-06"
6854,"2018-14-06"
7431,"2018-15-06"
5901,"2018-16-06"
5319,"2018-17-06"
7137,"2018-18-06"
7348,"2018-19-06"
8586,"2018-20-06"
6894,"2018-21-06"
6004,"2018-22-06"
5338,"2018-23-06"
4288,"2018-24-06"
6602,"2018-25-06"
8147,"2018-26-06"
8566,"2018-27-06"
8318,"2018-28-06"
8388,"2018-29-06"
6918,"2018-30-06"
5277,"2018-01-07"
8445,"2018-02-07"
8592,"2018-03-07"
7684,"2018-04-07"
8401,"2018-05-07"
8035,"2018-06-07"
6947,"2018-07-07"
5816,"2018-08-07"
7853,"2018-09-07"
6486,"2018-10-07"
7071,"2018-11-07"
8220,"2018-12-07"
8608,"2018-13-07"
7687,"2018-14-07"
5792,"2018-15-07"
7894,"2018-16-07"
8004,"2018-17-07"
8309,"2018-18-07"
7956,"2018-19-07"
7259,"2018-20-07"
6342,"2018-21-07"
4875,"2018-22-07"
7248,"2018-23-07"
7696,"2018-24-07"
7487,"2018-25-07"
7225,"2018-26-07"
6894,"2018-27-07"
5617,"2018-28-07"
4354,"2018-29-07"
7054,"2018-30-07"
7318,"2018-31-07"
7673,"2018-01-08"
7502,"2018-02-08"
6689,"2018-03-08"
5823,"2018-04-08"
4479,"2018-05-08"
6607,"2018-06-08"
6847,"2018-07-08"
6456,"2018-08-08"
5751,"2018-09-08"
6524,"2018-10-08"
4695,"2018-11-08"
3953,"2018-12-08"
4323,"2018-13-08"
5285,"2018-14-08"
6711,"2018-15-08"
7132,"2018-16-08"
5368,"2018-17-08"
6216,"2018-18-08"
4662,"2018-19-08"
5913,"2018-20-08"
7114,"2018-21-08"
7477,"2018-22-08"
7395,"2018-23-08"
6332,"2018-24-08"
4273,"2018-25-08"
4343,"2018-26-08"
6174,"2018-27-08"
7581,"2018-28-08"
6103,"2018-29-08"
6966,"2018-30-08"
7111,"2018-31-08"
6414,"2018-01-09"
4655,"2018-02-09"
6435,"2018-03-09"
7096,"2018-04-09"
7188,"2018-05-09"
5230,"2018-06-09"
6450,"2018-07-09"
6072,"2018-08-09"
4730,"2018-09-09"
6733,"2018-10-09"
7929,"2018-11-09"
7655,"2018-12-09"
5975,"2018-13-09"
7045,"2018-14-09"
5709,"2018-15-09"
4886,"2018-16-09"
7508,"2018-17-09"
8013,"2018-18-09"
8055,"2018-19-09"
7922,"2018-20-09"
5904,"2018-21-09"
4358,"2018-22-09"
1459,"2018-23-09"
6070,"2018-24-09"
6866,"2018-25-09"
7144,"2018-26-09"
7365,"2018-27-09"
6260,"2018-28-09"
1773,"2018-29-09"
4336,"2018-30-09"
5874,"2018-01-10"
5087,"2018-02-10"
4506,"2018-03-10"
6637,"2018-04-10"
6930,"2018-05-10"
6274,"2018-06-10"
3509,"2018-07-10"
6992,"2018-08-10"
7355,"2018-09-10"
8090,"2018-10-10"
7692,"2018-11-10"
7527,"2018-12-10"
6681,"2018-13-10"
5204,"2018-14-10"
7340,"2018-15-10"
7513,"2018-16-10"
7652,"2018-17-10"
7051,"2018-18-10"
6560,"2018-19-10"
5404,"2018-20-10"
4222,"2018-21-10"
5635,"2018-22-10"
5914,"2018-23-10"
5398,"2018-24-10"
6166,"2018-25-10"
5480,"2018-26-10"
4280,"2018-27-10"
2976,"2018-28-10"
5769,"2018-29-10"
3715,"2018-30-10"
5956,"2018-31-10"
2792,"2018-01-11"
5417,"2018-02-11"
4693,"2018-03-11"
3253,"2018-04-11"
6136,"2018-05-11"
6709,"2018-06-11"
6778,"2018-07-11"
6917,"2018-08-11"
6265,"2018-09-11"
3284,"2018-10-11"
2036,"2018-11-11"
5057,"2018-12-11"
6354,"2018-13-11"
6559,"2018-14-11"
6313,"2018-15-11"
5988,"2018-16-11"
4482,"2018-17-11"
3219,"2018-18-11"
5483,"2018-19-11"
5266,"2018-20-11"
5478,"2018-21-11"
5887,"2018-22-11"
5660,"2018-23-11"
2767,"2018-24-11"
2499,"2018-25-11"
5338,"2018-26-11"
5789,"2018-27-11"
4795,"2018-28-11"
4629,"2018-29-11"
5590,"2018-30-11"
3961,"2018-01-12"
2282,"2018-02-12"
4651,"2018-03-12"
5582,"2018-04-12"
5485,"2018-05-12"
5519,"2018-06-12"
4054,"2018-07-12"
3059,"2018-08-12"
2088,"2018-09-12"
4938,"2018-10-12"
5441,"2018-11-12"
5474,"2018-12-12"
5482,"2018-13-12"
5074,"2018-14-12"
3691,"2018-15-12"
2022,"2018-16-12"
4387,"2018-17-12"
5695,"2018-18-12"
5856,"2018-19-12"
5310,"2018-20-12"
3610,"2018-21-12"
3694,"2018-22-12"
1248,"2018-23-12"
1431,"2018-24-12"
708,"2018-25-12"
948,"2018-26-12"
2548,"2018-27-12"
3082,"2018-28-12"
2529,"2018-29-12"
1787,"2018-30-12"
2110,"2018-31-12"
998,"2019-01-01"
3448,"2019-02-01"
3747,"2019-03-01"
3266,"2019-04-01"
2600,"2019-05-01"
1998,"2019-06-01"
4126,"2019-07-01"
3872,"2019-08-01"
4510,"2019-09-01"
4768,"2019-10-01"
3693,"2019-11-01"
2704,"2019-12-01"
1301,"2019-13-01"
3814,"2019-14-01"
4910,"2019-15-01"
5039,"2019-16-01"
4150,"2019-17-01"
4618,"2019-18-01"
3757,"2019-19-01"
2389,"2019-20-01"
3956,"2019-21-01"
3536,"2019-22-01"
2710,"2019-23-01"
3260,"2019-24-01"
3365,"2019-25-01"
2946,"2019-26-01"
1614,"2019-27-01"
3071,"2019-28-01"
4461,"2019-29-01"
2488,"2019-30-01"
1949,"2019-31-01"
3006,"2019-01-02"
2668,"2019-02-02"
2094,"2019-03-02"
4118,"2019-04-02"
4380,"2019-05-02"
4481,"2019-06-02"
4500,"2019-07-02"
4479,"2019-08-02"
3516,"2019-09-02"
1568,"2019-10-02"
4255,"2019-11-02"
4567,"2019-12-02"
4985,"2019-13-02"
5035,"2019-14-02"
5522,"2019-15-02"
5106,"2019-16-02"
3777,"2019-17-02"
5643,"2019-18-02"
5217,"2019-19-02"
5778,"2019-20-02"
5344,"2019-21-02"
5287,"2019-22-02"
4619,"2019-23-02"
3832,"2019-24-02"
6140,"2019-25-02"
6445,"2019-26-02"
6967,"2019-27-02"
3207,"2019-28-02"
2990,"2019-01-03"
2517,"2019-02-03"
1663,"2019-03-03"
1690,"2019-04-03"
2104,"2019-05-03"
4520,"2019-06-03"
4477,"2019-07-03"
4306,"2019-08-03"
3241,"2019-09-03"
1443,"2019-10-03"
3296,"2019-11-03"
4394,"2019-12-03"
3391,"2019-13-03"
2827,"2019-14-03"
2856,"2019-15-03"
2965,"2019-16-03"
2255,"2019-17-03"
4488,"2019-18-03"
5228,"2019-19-03"
5502,"2019-20-03"
6259,"2019-21-03"
6602,"2019-22-03"
4362,"2019-23-03"
3698,"2019-24-03"
4387,"2019-25-03"
4990,"2019-26-03"
5700,"2019-27-03"
5733,"2019-28-03"
6580,"2019-29-03"
6183,"2019-30-03"
4089,"2019-31-03"
6836,"2019-01-04"
5612,"2019-02-04"
4729,"2019-03-04"
4772,"2019-04-04"
5750,"2019-05-04"
5583,"2019-06-04"
5628,"2019-07-04"
6192,"2019-08-04"
6357,"2019-09-04"
7109,"2019-10-04"
6959,"2019-11-04"
5925,"2019-12-04"
4447,"2019-13-04"
3567,"2019-14-04"
6565,"2019-15-04"
6741,"2019-16-04"
5872,"2019-17-04"
7270,"2019-18-04"
4445,"2019-19-04"
5017,"2019-20-04"
3599,"2019-21-04"
4093,"2019-22-04"
6782,"2019-23-04"
5931,"2019-24-04"
6057,"2019-25-04"
6009,"2019-26-04"
3456,"2019-27-04"
3356,"2019-28-04"
6542,"2019-29-04"
7601,"2019-30-04"
4816,"2019-01-05"
5903,"2019-02-05"
5808,"2019-03-05"
4225,"2019-04-05"
3314,"2019-05-05"
5431,"2019-06-05"
6409,"2019-07-05"
4361,"2019-08-05"
6358,"2019-09-05"
5197,"2019-10-05"
3951,"2019-11-05"
4102,"2019-12-05"
7421,"2019-13-05"
7515,"2019-14-05"
7993,"2019-15-05"
6861,"2019-16-05"
5873,"2019-17-05"
6170,"2019-18-05"
4063,"2019-19-05"
6103,"2019-20-05"
3423,"2019-21-05"
7085,"2019-22-05"
7985,"2019-23-05"
8221,"2019-24-05"
6685,"2019-25-05"
4857,"2019-26-05"
6056,"2019-27-05"
6174,"2019-28-05"
8496,"2019-29-05"
4422,"2019-30-05"
7315,"2019-31-05"
7307,"2019-01-06"
5747,"2019-02-06"
6406,"2019-03-06"
8427,"2019-04-06"
8582,"2019-05-06"
7374,"2019-06-06"
6870,"2019-07-06"
4597,"2019-08-06"
4356,"2019-09-06"
4225,"2019-10-06"
7012,"2019-11-06"
6533,"2019-12-06"
7703,"2019-13-06"
8236,"2019-14-06"
6655,"2019-15-06"
5577,"2019-16-06"
8479,"2019-17-06"
8675,"2019-18-06"
7930,"2019-19-06"
4576,"2019-20-06"
7469,"2019-21-06"
6650,"2019-22-06"
5566,"2019-23-06"
8378,"2019-24-06"
8379,"2019-25-06"
8305,"2019-26-06"
8677,"2019-27-06"
9129,"2019-28-06"
7138,"2019-29-06"
5285,"2019-30-06"
8255,"2019-01-07"
8655,"2019-02-07"
8713,"2019-03-07"
9089,"2019-04-07"
8546,"2019-05-07"
7440,"2019-06-07"
5521,"2019-07-07"
7445,"2019-08-07"
8064,"2019-09-07"
8485,"2019-10-07"
7352,"2019-11-07"
7033,"2019-12-07"
5694,"2019-13-07"
4433,"2019-14-07"
7133,"2019-15-07"
7441,"2019-16-07"
7750,"2019-17-07"
7401,"2019-18-07"
7221,"2019-19-07"
5350,"2019-20-07"
4807,"2019-21-07"
7567,"2019-22-07"
7745,"2019-23-07"
7334,"2019-24-07"
6748,"2019-25-07"
6494,"2019-26-07"
4634,"2019-27-07"
2322,"2019-28-07"
7104,"2019-29-07"
7487,"2019-30-07"
7338,"2019-31-07"
7345,"2019-01-08"
6054,"2019-02-08"
5342,"2019-03-08"
4795,"2019-04-08"
6282,"2019-05-08"
6461,"2019-06-08"
6284,"2019-07-08"
6793,"2019-08-08"
4733,"2019-09-08"
3918,"2019-10-08"
3534,"2019-11-08"
5311,"2019-12-08"
6009,"2019-13-08"
6876,"2019-14-08"
5142,"2019-15-08"
6643,"2019-16-08"
4751,"2019-17-08"
2773,"2019-18-08"
6893,"2019-19-08"
7407,"2019-20-08"
7467,"2019-21-08"
7740,"2019-22-08"
7771,"2019-23-08"
6621,"2019-24-08"
5339,"2019-25-08"
7613,"2019-26-08"
7720,"2019-27-08"
7952,"2019-28-08"
7756,"2019-29-08"
8170,"2019-30-08"
6593,"2019-31-08"
4231,"2019-01-09"
7243,"2019-02-09"
7180,"2019-03-09"
7218,"2019-04-09"
6987,"2019-05-09"
7246,"2019-06-09"
4838,"2019-07-09"
3516,"2019-08-09"
6894,"2019-09-09"
7459,"2019-10-09"
6567,"2019-11-09"
7304,"2019-12-09"
6801,"2019-13-09"
6742,"2019-14-09"
6546,"2019-15-09"
6282,"2019-16-09"
7236,"2019-17-09"
7317,"2019-18-09"
7329,"2019-19-09"
8596,"2019-20-09"
6737,"2019-21-09"
4804,"2019-22-09"
5984,"2019-23-09"
6418,"2019-24-09"
6465,"2019-25-09"
5217,"2019-26-09"
6995,"2019-27-09"
4880,"2019-28-09"
3052,"2019-29-09"
6396,"2019-30-09"
5330,"2019-01-10"
6729,"2019-02-10"
4096,"2019-03-10"
3834,"2019-04-10"
4732,"2019-05-10"
1725,"2019-06-10"
6135,"2019-07-10"
4073,"2019-08-10"
5927,"2019-09-10"
6841,"2019-10-10"
6586,"2019-11-10"
6100,"2019-12-10"
4132,"2019-13-10"
7573,"2019-14-10"
5769,"2019-15-10"
5571,"2019-16-10"
5511,"2019-17-10"
5646,"2019-18-10"
3718,"2019-19-10"
1974,"2019-20-10"
6165,"2019-21-10"
6544,"2019-22-10"
7036,"2019-23-10"
7265,"2019-24-10"
7104,"2019-25-10"
6260,"2019-26-10"
3542,"2019-27-10"
6577,"2019-28-10"
6670,"2019-29-10"
6493,"2019-30-10"
6659,"2019-31-10"
2395,"2019-01-11"
3825,"2019-02-11"
2934,"2019-03-11"
5631,"2019-04-11"
5875,"2019-05-11"
4664,"2019-06-11"
5603,"2019-07-11"
6183,"2019-08-11"
4712,"2019-09-11"
3559,"2019-10-11"
4322,"2019-11-11"
5186,"2019-12-11"
5719,"2019-13-11"
6089,"2019-14-11"
5914,"2019-15-11"
4706,"2019-16-11"
2613,"2019-17-11"
3029,"2019-18-11"
4770,"2019-19-11"
5792,"2019-20-11"
5739,"2019-21-11"
5534,"2019-22-11"
4636,"2019-23-11"
3627,"2019-24-11"
5806,"2019-25-11"
6058,"2019-26-11"
5617,"2019-27-11"
4709,"2019-28-11"
6278,"2019-29-11"
4886,"2019-30-11"
2968,"2019-01-12"
5398,"2019-02-12"
5794,"2019-03-12"
6129,"2019-04-12"
6001,"2019-05-12"
4046,"2019-06-12"
4181,"2019-07-12"
2869,"2019-08-12"
4467,"2019-09-12"
5874,"2019-10-12"
3685,"2019-11-12"
5753,"2019-12-12"
3273,"2019-13-12"
3260,"2019-14-12"
3329,"2019-15-12"
5144,"2019-16-12"
6372,"2019-17-12"
6650,"2019-18-12"
6925,"2019-19-12"
5625,"2019-20-12"
4729,"2019-21-12"
2180,"2019-22-12"
3863,"2019-23-12"
1196,"2019-24-12"
820,"2019-25-12"
1357,"2019-26-12"
2809,"2019-27-12"
2737,"2019-28-12"
2005,"2019-29-12"
3708,"2019-30-12"
2194,"2019-31-12"
1816,"2020-01-01"
3439,"2020-02-01"
3151,"2020-03-01"
3587,"2020-04-01"
2678,"2020-05-01"
5397,"2020-06-01"
5383,"2020-07-01"
5077,"2020-08-01"
4243,"2020-09-01"
4219,"2020-10-01"
4526,"2020-11-01"
2890,"2020-12-01"
5664,"2020-13-01"
5551,"2020-14-01"
5802,"2020-15-01"
6814,"2020-16-01"
5311,"2020-17-01"
4456,"2020-18-01"
3234,"2020-19-01"
5473,"2020-20-01"
5551,"2020-21-01"
4809,"2020-22-01"
5420,"2020-23-01"
5116,"2020-24-01"
3951,"2020-25-01"
3279,"2020-26-01"
4352,"2020-27-01"
4428,"2020-28-01"
5340,"2020-29-01"
5450,"2020-30-01"
5693,"2020-31-01"
3068,"2020-01-02"
2386,"2020-02-02"
4893,"2020-03-02"
4560,"2020-04-02"
5632,"2020-05-02"
5852,"2020-06-02"
5681,"2020-07-02"
4110,"2020-08-02"
1961,"2020-09-02"
2315,"2020-10-02"
4131,"2020-11-02"
5015,"2020-12-02"
4246,"2020-13-02"
4770,"2020-14-02"
4790,"2020-15-02"
2841,"2020-16-02"
5375,"2020-17-02"
5517,"2020-18-02"
5435,"2020-19-02"
2912,"2020-20-02"
3755,"2020-21-02"
2733,"2020-22-02"
1364,"2020-23-02"
1794,"2020-24-02"
2665,"2020-25-02"
2898,"2020-26-02"
3173,"2020-27-02"
4285,"2020-28-02"
3228,"2020-29-02"
2502,"2020-01-03"
4252,"2020-02-03"
5151,"2020-03-03"
5113,"2020-04-03"
3926,"2020-05-03"
3867,"2020-06-03"
4235,"2020-07-03"
2781,"2020-08-03"
5284,"2020-09-03"
4022,"2020-10-03"
3721,"2020-11-03"
5399,"2020-12-03"
4873,"2020-13-03"
4442,"2020-14-03"
3340,"2020-15-03"
5775,"2020-16-03"
5446,"2020-17-03"
5006,"2020-18-03"
4340,"2020-19-03"
3623,"2020-20-03"
2738,"2020-21-03"
2290,"2020-22-03"
3391,"2020-23-03"
3706,"2020-24-03"
3817,"2020-25-03"
3934,"2020-26-03"
4240,"2020-27-03"
3887,"2020-28-03"
1097,"2020-29-03"
3411,"2020-30-03"
3852,"2020-31-03"
4084,"2020-01-04"
3899,"2020-02-04"
3689,"2020-03-04"
3969,"2020-04-04"
3752,"2020-05-04"
5081,"2020-06-04"
5090,"2020-07-04"
5673,"2020-08-04"
5685,"2020-09-04"
4264,"2020-10-04"
5013,"2020-11-04"
4217,"2020-12-04"
2248,"2020-13-04"
4175,"2020-14-04"
5007,"2020-15-04"
5909,"2020-16-04"
6115,"2020-17-04"
4215,"2020-18-04"
3658,"2020-19-04"
5996,"2020-20-04"
6247,"2020-21-04"
6530,"2020-22-04"
6940,"2020-23-04"
6562,"2020-24-04"
5617,"2020-25-04"
5181,"2020-26-04"
6839,"2020-27-04"
4508,"2020-28-04"
5131,"2020-29-04"
4464,"2020-30-04"
3189,"2020-01-05"
3326,"2020-02-05"
3920,"2020-03-05"
5355,"2020-04-05"
6751,"2020-05-05"
7082,"2020-06-05"
7408,"2020-07-05"
7711,"2020-08-05"
6714,"2020-09-05"
3265,"2020-10-05"
4976,"2020-11-05"
6075,"2020-12-05"
6218,"2020-13-05"
6922,"2020-14-05"
7567,"2020-15-05"
6804,"2020-16-05"
5395,"2020-17-05"
7508,"2020-18-05"
7992,"2020-19-05"
8028,"2020-20-05"
6443,"2020-21-05"
6321,"2020-22-05"
5744,"2020-23-05"
3777,"2020-24-05"
6650,"2020-25-05"
8276,"2020-26-05"
8791,"2020-27-05"
8718,"2020-28-05"
8805,"2020-29-05"
6977,"2020-30-05"
5484,"2020-31-05"
5785,"2020-01-06"
8302,"2020-02-06"
8208,"2020-03-06"
4743,"2020-04-06"
4794,"2020-05-06"
6166,"2020-06-06"
5126,"2020-07-06"
7197,"2020-08-06"
7273,"2020-09-06"
7277,"2020-10-06"
5104,"2020-11-06"
8711,"2020-12-06"
6876,"2020-13-06"
3969,"2020-14-06"
7418,"2020-15-06"
5673,"2020-16-06"
7179,"2020-17-06"
7430,"2020-18-06"
8722,"2020-19-06"
8065,"2020-20-06"
6162,"2020-21-06"
8060,"2020-22-06"
9584,"2020-23-06"
9744,"2020-24-06"
9370,"2020-25-06"
8766,"2020-26-06"
6883,"2020-27-06"
4627,"2020-28-06"
6300,"2020-29-06"
7843,"2020-30-06"
5477,"2020-01-07"
6789,"2020-02-07"
7956,"2020-03-07"
6745,"2020-04-07"
4528,"2020-05-07"
6405,"2020-06-07"
7333,"2020-07-07"
3997,"2020-08-07"
6557,"2020-09-07"
6359,"2020-10-07"
6925,"2020-11-07"
5496,"2020-12-07"
8055,"2020-13-07"
6367,"2020-14-07"
7503,"2020-15-07"
4903,"2020-16-07"
7302,"2020-17-07"
7374,"2020-18-07"
5488,"2020-19-07"
6739,"2020-20-07"
7833,"2020-21-07"
8105,"2020-22-07"
8131,"2020-23-07"
7460,"2020-24-07"
6275,"2020-25-07"
4678,"2020-26-07"
6816,"2020-27-07"
7462,"2020-28-07"
8057,"2020-29-07"
8213,"2020-30-07"
7726,"2020-31-07"
5926,"2020-01-08"
4814,"2020-02-08"
7126,"2020-03-08"
8312,"2020-04-08"
8401,"2020-05-08"
8368,"2020-06-08"
7528,"2020-07-08"
6318,"2020-08-08"
4406,"2020-09-08"
7546,"2020-10-08"
7703,"2020-11-08"
6609,"2020-12-08"
7460,"2020-13-08"
7666,"2020-14-08"
6542,"2020-15-08"
5168,"2020-16-08"
6950,"2020-17-08"
7107,"2020-18-08"
8952,"2020-19-08"
8579,"2020-20-08"
7902,"2020-21-08"
7391,"2020-22-08"
4476,"2020-23-08"
7525,"2020-24-08"
7413,"2020-25-08"
6037,"2020-26-08"
8075,"2020-27-08"
7643,"2020-28-08"
6530,"2020-29-08"
4901,"2020-30-08"
7221,"2020-31-08"
7842,"2020-01-09"
8499,"2020-02-09"
6481,"2020-03-09"
7183,"2020-04-09"
6535,"2020-05-09"
5255,"2020-06-09"
7777,"2020-07-09"
7620,"2020-08-09"
8207,"2020-09-09"
8550,"2020-10-09"
8251,"2020-11-09"
7224,"2020-12-09"
5766,"2020-13-09"
8152,"2020-14-09"
8786,"2020-15-09"
8810,"2020-16-09"
8415,"2020-17-09"
8226,"2020-18-09"
7405,"2020-19-09"
6273,"2020-20-09"
8163,"2020-21-09"
8787,"2020-22-09"
8506,"2020-23-09"
7915,"2020-24-09"
7227,"2020-25-09"
3130,"2020-26-09"
3488,"2020-27-09"
6051,"2020-28-09"
7050,"2020-29-09"
7852,"2020-30-09"
6645,"2020-01-10"
7413,"2020-02-10"
3429,"2020-03-10"
3888,"2020-04-10"
6076,"2020-05-10"
5813,"2020-06-10"
6758,"2020-07-10"
8190,"2020-08-10"
6670,"2020-09-10"
5411,"2020-10-10"
4021,"2020-11-10"
5702,"2020-12-10"
6442,"2020-13-10"
6112,"2020-14-10"
5916,"2020-15-10"
5658,"2020-16-10"
4749,"2020-17-10"
